{"graph": {"_type": "graph-file", "path": "media/graph/graph_summary_b4c6dd2d1fef86d5ef66.graph.json", "sha256": "b4c6dd2d1fef86d5ef66920e53e580acc03cec96e355fdc62a7425e9149f9c0f", "size": 829}, "epoch": 4, "_timestamp": 1648500327, "_runtime": 14, "loss": 0.09254276752471924, "val_loss": 0.08829554170370102, "_step": 4, "best_val_loss": 0.08829554170370102, "best_epoch": 4, "_wandb": {"runtime": 13}}