{"graph": {"_type": "graph-file", "path": "media/graph/graph_summary_665581a12a1930d71a75.graph.json", "sha256": "665581a12a1930d71a759aaa6d9585de572658b099b6df6e182555adaae0a9e8", "size": 1102}, "epoch": 4, "_timestamp": 1648500306, "_runtime": 24, "loss": 0.0990898460149765, "val_loss": 0.09391749650239944, "_step": 4, "best_val_loss": 0.09283313900232315, "best_epoch": 0, "_wandb": {"runtime": 23}}