{"graph": {"_type": "graph-file", "path": "media/graph/graph_summary_73f54eb6cb2a69105781.graph.json", "sha256": "73f54eb6cb2a6910578110f24c3dd0662030d4621e5e6ca1fb42876aeb0258d7", "size": 961}, "epoch": 300, "_timestamp": 1648343169, "_runtime": 847, "loss": 0.09731481224298477, "val_loss": 0.09344512969255447, "_step": 300, "best_val_loss": 0.09324099123477936, "best_epoch": 0, "_wandb": {"runtime": 847}}