{"graph": {"_type": "graph-file", "path": "media/graph/graph_summary_73f54eb6cb2a69105781.graph.json", "sha256": "73f54eb6cb2a6910578110f24c3dd0662030d4621e5e6ca1fb42876aeb0258d7", "size": 961}, "epoch": 65, "_timestamp": 1648258132, "_runtime": 150, "loss": 0.09684546291828156, "val_loss": 0.0910579115152359, "_step": 65, "best_val_loss": 0.08826542645692825, "best_epoch": 15, "_wandb": {"runtime": 242}}