{"graph": {"_type": "graph-file", "path": "media/graph/graph_summary_8b1646d5c58398768c58.graph.json", "sha256": "8b1646d5c58398768c58eb5dc7669de58ad9e2d31174f1f21fd109ea46be242e", "size": 966}, "epoch": 4, "_timestamp": 1648499529, "_runtime": 21, "loss": 0.09893818944692612, "val_loss": 0.0935293585062027, "_step": 4, "best_val_loss": 0.09326346963644028, "best_epoch": 0, "_wandb": {"runtime": 20}}