{"graph": {"_type": "graph-file", "path": "media/graph/graph_summary_67acc05b2fe6b662bd31.graph.json", "sha256": "67acc05b2fe6b662bd31ad2a3649c7e0a38006d91acb39dff6acad7817cc0693", "size": 694}, "epoch": 4, "_timestamp": 1648499379, "_runtime": 16, "loss": 0.11003337800502777, "val_loss": 0.08757204562425613, "_step": 4, "best_val_loss": 0.08380326628684998, "best_epoch": 0, "_wandb": {"runtime": 15}}