{"graph": {"_type": "graph-file", "path": "media/graph/graph_summary_f98e5e62d04e35d126e8.graph.json", "sha256": "f98e5e62d04e35d126e8a6062720ab73f54db62ba95cf54769c3f17eef05833b", "size": 826}, "epoch": 9, "_timestamp": 1648334069, "_runtime": 140, "loss": 0.09899622201919556, "val_loss": 0.09394654631614685, "_step": 19, "best_val_loss": 0.09353019297122955, "best_epoch": 1, "_wandb": {"runtime": 71}}