{"graph": {"_type": "graph-file", "path": "media/graph/graph_summary_649fea387648628307cf.graph.json", "sha256": "649fea387648628307cf8c6d2e2ddceefbcee2df179602bc2eaad148dae6ad03", "size": 826}, "epoch": 9, "_timestamp": 1648257326, "_runtime": 12, "loss": 0.10014786571264267, "val_loss": 0.09221470355987549, "_step": 9, "best_val_loss": 0.09195303916931152, "best_epoch": 8, "_wandb": {"runtime": 17}}