{"graph": {"_type": "graph-file", "path": "media/graph/graph_summary_909d265eefc5836d0bb3.graph.json", "sha256": "909d265eefc5836d0bb345cda2d07ad1268db514c48e049f16271519463050ad", "size": 961}, "epoch": 332, "_timestamp": 1648341298, "_runtime": 1467, "loss": 0.09383927285671234, "val_loss": 0.0913470908999443, "_step": 332, "best_val_loss": 0.08539778739213943, "best_epoch": 32, "_wandb": {"runtime": 1465}}