{"graph": {"_type": "graph-file", "path": "media/graph/graph_summary_11eb015dcb7b45cd64b5.graph.json", "sha256": "11eb015dcb7b45cd64b5daf08ed471716915510e8a98fb99b6234e1f446bb759", "size": 822}, "epoch": 50, "_timestamp": 1648334797, "_runtime": 103, "loss": 0.09859129786491394, "val_loss": 0.09368814527988434, "_step": 50, "best_val_loss": 0.09023367613554001, "best_epoch": 0, "_wandb": {"runtime": 101}}