{"graph": {"_type": "graph-file", "path": "media/graph/graph_summary_909d265eefc5836d0bb3.graph.json", "sha256": "909d265eefc5836d0bb345cda2d07ad1268db514c48e049f16271519463050ad", "size": 961}, "epoch": 425, "_timestamp": 1648342315, "_runtime": 1012, "loss": 0.09715249389410019, "val_loss": 0.09333617985248566, "_step": 425, "best_val_loss": 0.09203445166349411, "best_epoch": 125, "_wandb": {"runtime": 1011}}