{"graph": {"_type": "graph-file", "path": "media/graph/graph_summary_081ce586f4831316cfcc.graph.json", "sha256": "081ce586f4831316cfccf4342f45945d3e1d16ad8d8fbbc5d6e2cbf097a33177", "size": 691}, "epoch": 9, "_timestamp": 1648333547, "_runtime": 21, "loss": 0.09916044026613235, "val_loss": 0.09380669891834259, "_step": 9, "best_val_loss": 0.08982934802770615, "best_epoch": 1, "_wandb": {"runtime": 263}}