{"graph": {"_type": "graph-file", "path": "media/graph/graph_summary_d6d65fe3437d17225a0a.graph.json", "sha256": "d6d65fe3437d17225a0aaf0c84747aecba483958ce2bd2d59a69bd866e16ba1f", "size": 691}, "epoch": 9, "_timestamp": 1648257037, "_runtime": 21, "loss": 0.09912920743227005, "val_loss": 0.09394735842943192, "_step": 9, "best_val_loss": 0.0869789868593216, "best_epoch": 2, "_wandb": {"runtime": 22}}