{"graph": {"_type": "graph-file", "path": "media/graph/graph_summary_b4c6dd2d1fef86d5ef66.graph.json", "sha256": "b4c6dd2d1fef86d5ef66920e53e580acc03cec96e355fdc62a7425e9149f9c0f", "size": 829}, "epoch": 9, "_timestamp": 1648257010, "_runtime": 28, "loss": 0.09907343983650208, "val_loss": 0.09371884167194366, "_step": 9, "best_val_loss": 0.09357354044914246, "best_epoch": 4, "_wandb": {"runtime": 28}}