{"graph": {"_type": "graph-file", "path": "media/graph/graph_summary_84cb4776476a8171d810.graph.json", "sha256": "84cb4776476a8171d810c6ddb35721d90e9d4ce7a6f3e49c5402695f7f21abe0", "size": 1096}, "epoch": 52, "_timestamp": 1648334645, "_runtime": 364, "loss": 0.09476286172866821, "val_loss": 0.0902671292424202, "_step": 52, "best_val_loss": 0.0877055674791336, "best_epoch": 2, "_wandb": {"runtime": 158}}