{"graph": {"_type": "graph-file", "path": "media/graph/graph_summary_88bd120f64a202a4d67e.graph.json", "sha256": "88bd120f64a202a4d67e0e15188ffa6e35bbcdb42cbe7cdb4e81dda8bb8bf377", "size": 1096}, "epoch": 9, "_timestamp": 1648339359, "_runtime": 4232, "loss": 0.09901987016201019, "val_loss": 0.09394713491201401, "_step": 9, "best_val_loss": 0.09381416440010071, "best_epoch": 1, "_wandb": {"runtime": 4230}}