{"graph": {"_type": "graph-file", "path": "media/graph/graph_summary_081ce586f4831316cfcc.graph.json", "sha256": "081ce586f4831316cfccf4342f45945d3e1d16ad8d8fbbc5d6e2cbf097a33177", "size": 691}, "epoch": 4, "_timestamp": 1648499397, "_runtime": 11, "loss": 0.10458719730377197, "val_loss": 0.09253539144992828, "_step": 4, "best_val_loss": 0.09253539144992828, "best_epoch": 4, "_wandb": {"runtime": 10}}