{"graph": {"_type": "graph-file", "path": "media/graph/graph_summary_8d843b878142b8c52910.graph.json", "sha256": "8d843b878142b8c529100177d85b110682146d3dcb3cbe1fe1a7463c7932f3bd", "size": 956}, "epoch": 4, "_timestamp": 1648499034, "_runtime": 14, "loss": 0.0988348126411438, "val_loss": 0.09459857642650604, "_step": 4, "best_val_loss": 0.09459857642650604, "best_epoch": 4, "_wandb": {"runtime": 13}}