{"graph": {"_type": "graph-file", "path": "media/graph/graph_summary_73f54eb6cb2a69105781.graph.json", "sha256": "73f54eb6cb2a6910578110f24c3dd0662030d4621e5e6ca1fb42876aeb0258d7", "size": 961}, "epoch": 9, "_timestamp": 1648257308, "_runtime": 28, "loss": 0.09419391304254532, "val_loss": 0.0901477113366127, "_step": 9, "best_val_loss": 0.0901477113366127, "best_epoch": 9, "_wandb": {"runtime": 28}}