{"graph": {"_type": "graph-file", "path": "media/graph/graph_summary_b4c6dd2d1fef86d5ef66.graph.json", "sha256": "b4c6dd2d1fef86d5ef66920e53e580acc03cec96e355fdc62a7425e9149f9c0f", "size": 829}, "epoch": 70, "_timestamp": 1648335122, "_runtime": 320, "loss": 0.09474354237318039, "val_loss": 0.0900031253695488, "_step": 70, "best_val_loss": 0.08323870599269867, "best_epoch": 20, "_wandb": {"runtime": 319}}