{"graph": {"_type": "graph-file", "path": "media/graph/graph_summary_4be7a77cbe3f99acb055.graph.json", "sha256": "4be7a77cbe3f99acb055660523e514dd302335d7918d952d33d86eabf9bf6678", "size": 688}, "epoch": 9, "_timestamp": 1648257715, "_runtime": 21, "loss": 0.10048381984233856, "val_loss": 0.09396913647651672, "_step": 9, "best_val_loss": 0.08965472877025604, "best_epoch": 0, "_wandb": {"runtime": 118}}