{"graph": {"_type": "graph-file", "path": "media/graph/graph_summary_8b1646d5c58398768c58.graph.json", "sha256": "8b1646d5c58398768c58eb5dc7669de58ad9e2d31174f1f21fd109ea46be242e", "size": 966}, "epoch": 9, "_timestamp": 1648333216, "_runtime": 29, "loss": 0.09632977098226547, "val_loss": 0.09076783061027527, "_step": 9, "best_val_loss": 0.08862972259521484, "best_epoch": 4, "_wandb": {"runtime": 45}}