{"graph": {"_type": "graph-file", "path": "media/graph/graph_summary_55ba602a0f7e8be0d8c5.graph.json", "sha256": "55ba602a0f7e8be0d8c5d7e6f9e60fa1d236f9381cff49070202ac7fea2a576b", "size": 966}, "epoch": 4, "_timestamp": 1648499013, "_runtime": 21, "loss": 0.09580567479133606, "val_loss": 0.09302470833063126, "_step": 4, "best_val_loss": 0.08671696484088898, "best_epoch": 1, "_wandb": {"runtime": 20}}