{"graph": {"_type": "graph-file", "path": "media/graph/graph_summary_8b1646d5c58398768c58.graph.json", "sha256": "8b1646d5c58398768c58eb5dc7669de58ad9e2d31174f1f21fd109ea46be242e", "size": 966}, "epoch": 9, "_timestamp": 1648258301, "_runtime": 28, "loss": 0.09843074530363083, "val_loss": 0.08790510147809982, "_step": 9, "best_val_loss": 0.08711741864681244, "best_epoch": 1, "_wandb": {"runtime": 73266}}