{"graph": {"_type": "graph-file", "path": "media/graph/graph_summary_11eb015dcb7b45cd64b5.graph.json", "sha256": "11eb015dcb7b45cd64b5daf08ed471716915510e8a98fb99b6234e1f446bb759", "size": 822}, "epoch": 4, "_timestamp": 1648334275, "_runtime": 201, "loss": 0.10024349391460419, "val_loss": 0.09407177567481995, "_step": 4, "best_val_loss": 0.09287433326244354, "best_epoch": 1, "_wandb": {"runtime": 199}}