{"graph": {"_type": "graph-file", "path": "media/graph/graph_summary_67acc05b2fe6b662bd31.graph.json", "sha256": "67acc05b2fe6b662bd31ad2a3649c7e0a38006d91acb39dff6acad7817cc0693", "size": 694}, "epoch": 9, "_timestamp": 1648331781, "_runtime": 21, "loss": 0.09903612732887268, "val_loss": 0.09401870518922806, "_step": 9, "best_val_loss": 0.08926156908273697, "best_epoch": 0, "_wandb": {"runtime": 1419}}