{"graph": {"_type": "graph-file", "path": "media/graph/graph_summary_f98e5e62d04e35d126e8.graph.json", "sha256": "f98e5e62d04e35d126e8a6062720ab73f54db62ba95cf54769c3f17eef05833b", "size": 826}, "epoch": 4, "_timestamp": 1648499142, "_runtime": 19, "loss": 0.09916507452726364, "val_loss": 0.09398006647825241, "_step": 4, "best_val_loss": 0.08709625899791718, "best_epoch": 0, "_wandb": {"runtime": 17}}