{"graph": {"_type": "graph-file", "path": "media/graph/graph_summary_2fbff772f1784417afd3.graph.json", "sha256": "2fbff772f1784417afd31265d7575b65ecd16e882711d9ea0e585bc8f654eeb2", "size": 965}, "epoch": 69, "_timestamp": 1648257976, "_runtime": 157, "loss": 0.09620088338851929, "val_loss": 0.089408740401268, "_step": 69, "best_val_loss": 0.08554882556200027, "best_epoch": 19, "_wandb": {"runtime": 157}}